"term","estimate","std.error","statistic","p.value"
"(Intercept)",3.36034704612655,2.47221120874158,1.35924755710377,0.17406815598406
"srt",0.0767490780160854,0.0120718426377342,6.35769371083277,2.04805319810462e-10
"bio_2",0.0300854844705449,0.0159377949403515,1.88768173910772,0.059068689306281
"bio_3",-0.314744062411692,0.0936436873675438,-3.361081470194,0.000776379213814385
