"null.deviance","df.null","logLik","AIC","BIC","deviance","df.residual","nobs","pseudo.r2"
267.699977042585,195,-92.6399369408716,193.279873881743,206.392332518665,185.279873881743,192,196,0.307882369178278
