"term","estimate","std.error","statistic","p.value"
"(Intercept)",4.10867896082734,2.30048687483884,1.78600408711968,0.0740985963765053
"snow.cover",0.0357463571525396,0.00575375825295622,6.21269708962372,5.20827912626657e-10
"bio_2",0.0454220690293603,0.0170582057998705,2.6627694355584,0.00775004965926642
"bio_3",-0.357388997422464,0.0898751714136243,-3.97650420912896,6.99357616023081e-05
