"null.deviance","df.null","logLik","AIC","BIC","deviance","df.residual","nobs","pseudo.r2"
266.576900942846,194,-93.2982707585736,194.596541517147,207.688539751402,186.596541517147,191,195,0.300027343490075
