mean_diff,median_diff,sd_diff,MAE_diff
0.007683851,0.010753069,0.102654497,0.071770795