"mean_diff","median_diff","sd_diff","MAE_diff"
0.0108651621884204,0.0137419700622559,0.110070856443228,0.0757868737477761
