"mean_diff","median_diff","sd_diff","MAE_diff"
0.0102712551279423,0.0135117173194885,0.111888868685942,0.0773442986669995
