"mean_diff","median_diff","sd_diff","MAE_diff"
0.01088226524246,0.0137340049089166,0.110081538141641,0.0757783813339964
