"mean_diff","median_diff","sd_diff","MAE_diff"
0.0108822651984375,0.0137340426445007,0.110081538099232,0.0757783813132286
