"perc.brown.current","perc.brown.future","fold.change"
0.154231058930866,0.51304221225197,3.32645198579582
