"perc.brown.current","perc.brown.future","fold.change"
0.157840456155602,0.493651716072996,3.12753604555188
