"perc.brown.current","perc.brown.future","fold.change"
0.157840456130604,0.493651716004092,3.12753604561065
