"thin_dist","features","rm","train.AUC","avg.test.AUC","var.test.AUC","avg.diff.AUC","var.diff.AUC","avg.test.orMTP","var.test.orMTP","avg.test.or10pct","var.test.or10pct","AICc","delta.AICc","w.AIC","parameters"
"0km","LQHPT",1,0.945672027439024,0.932250894328964,0.000152263382198053,0.0132893043095505,0.00024488490480013,0.00181159420289855,1.31274942239025e-05,0.1413294122386,0.000525981548939818,35734.9671903275,0,1,179
"1km","LQHPT",1,0.929527635960044,0.913147049861755,4.72713442384122e-05,0.0166363345941316,6.42283379619455e-05,0.00226244343891403,2.04746012571405e-05,0.145653956221904,0.000199643374879545,26976.3361146664,0,1,164
"5km","LQHPT",1.5,0.912360766961652,0.89673006427354,0.000114457882762306,0.0137691237807021,0.000183808160232848,0.00326797385620915,4.2718612499466e-05,0.140801686949686,0.00132611455883064,20905.9628845432,0,0.999878565892551,88
"10km","LQHPT",1,0.914993706293706,0.895291085749894,0.000174703784704454,0.0211603388848646,0.000267243351394407,0.00912408759124088,0.000332995897490543,0.150793068338094,0.00210295196087806,17694.7088598913,0,0.715919730478662,112
"50km","H",1,0.876720149253731,0.858858989707341,0.000419396738345448,0.0199664562579513,0.00070026470065263,0.00712121212121212,6.81665136210591e-05,0.127251307720058,0.00352919710680846,8464.76929444964,0,0.994292262307679,40
